AuthorID,Author,Date,Content,Attachments,Reactions
1351409596840808468,liam,2025-07-05T22:25:53.0060000-07:00,I THOUGTT THE FETUS WAS BAD,,
1351409596840808468,liam,2025-07-05T22:26:58.1530000-07:00,Okay I‚Äôve gooned in the same room as my cousin but I was just GOONING not to him like bro,,
1383647062528364645,adam,2025-07-05T22:27:27.1020000-07:00,ive done that but my cousin was gooning,,
1383647062528364645,adam,2025-07-05T22:27:40.3710000-07:00,did you know that fraser started gooning when he was nine,,
1248408198470307882,gabriel,2025-07-05T23:05:04.3770000-07:00,but i was awakr for 24 hours straight,,
1351409596840808468,liam,2025-06-23T15:34:24.6500000-07:00,:freaky_drolling:,,
1351409596840808468,liam,2025-06-23T15:47:58.7490000-07:00,IM NOT GOING INSANE,,
1351409596840808468,liam,2025-06-23T22:40:57.5970000-07:00,gay],,
1351409596840808468,liam,2025-06-23T22:40:59.1760000-07:00,gay,,
611331475647889445,your_local_cat_eater,2025-06-23T22:41:13.2430000-07:00,I‚Äôm very gay,,
1383647062528364645,adam,2025-06-24T07:55:01.4180000-07:00,HES GAY,,
1383647062528364645,adam,2025-06-24T07:55:32.0910000-07:00,the very gayest of them all,,
1351409596840808468,liam,2025-07-20T00:41:30.6660000-07:00,Insane multi task,,
611331475647889445,your_local_cat_eater,2025-07-06T01:13:05.7840000-07:00,I'm not freaky like u,,
1383647062528364645,adam,2025-07-06T01:13:28.8540000-07:00,CALLING YOURSELF NOT FREAKY,,
611331475647889445,your_local_cat_eater,2025-07-06T01:18:07.5570000-07:00,Freaky ahh porn rp,,
1342356955091570801,micah,2025-07-12T16:42:17.0820000-07:00,Or driving your sister insane,,
1383647062528364645,adam,2025-07-20T01:41:22.9470000-07:00,it was freaky,,
1383647062528364645,adam,2025-07-20T01:41:59.8770000-07:00,not so freaky photo,,
1383647062528364645,adam,2025-07-20T01:42:24.9020000-07:00,im insane,,
1383647062528364645,adam,2025-07-12T21:23:45.1040000-07:00,private gooning room,,
1383647062528364645,adam,2025-07-12T21:23:50.6990000-07:00,public gooning room,,
1248408198470307882,gabriel,2025-07-12T21:30:09.6840000-07:00,bro is NOT  a gay cat,,
1351409596840808468,liam,2025-07-05T22:25:35.2160000-07:00,Do you have any ideas for my paper on master gooners  GOONING method,,
1383647062528364645,adam,2025-07-05T22:29:38.3980000-07:00,im relativley new to gooning so i dont have that much wisdom,,
1351409596840808468,liam,2025-07-05T22:30:47.9490000-07:00,I‚Äôm think I do a graph like amount of time getting your self horny to GOONING time to find the optimal time to hornify you‚Äôre self,,
1383647062528364645,adam,2025-07-05T22:32:54.0410000-07:00,oh and maybe ways to get horny,,
1383647062528364645,adam,2025-07-05T22:34:42.7280000-07:00,g for gooning,,
1383647062528364645,adam,2025-07-05T22:36:35.7130000-07:00,THERE WAS GOONING,,
1383647062528364645,adam,2025-07-05T22:38:02.4720000-07:00,probably gooning,,
1383647062528364645,adam,2025-07-05T22:38:10.1490000-07:00,0.5 seconds is insane,,
1351409596840808468,liam,2025-07-05T22:51:35.5270000-07:00,Let me guess it‚Äôs that fetus photo?,,
1351409596840808468,liam,2025-07-05T22:57:59.5170000-07:00,It looks like he‚Äôs straightening out a suit,,
1351409596840808468,liam,2025-07-13T21:11:44.1780000-07:00,I hope so I‚Äôll be like really freaky if he does,,
1351409596840808468,liam,2025-07-13T21:14:36.6300000-07:00,Also I think my parents think I‚Äôm gay because I was singing one of chappel roans song and I went fugly really zesty and they both looked at each other,,
1351409596840808468,liam,2025-07-13T22:18:30.5100000-07:00,But also wash your hands freaky,,
1383647062528364645,adam,2025-07-13T22:20:43.2660000-07:00,i think theyll be a little sus after freaky chappell roan,,
1351409596840808468,liam,2025-07-13T22:27:54.9640000-07:00,Mb I‚Äôm a little freaky rn,,
1383647062528364645,adam,2025-07-13T22:29:15.2480000-07:00,i got kinda horny early,,
1351409596840808468,liam,2025-07-13T22:30:25.4430000-07:00,Same then in Ms jones class I asked in the question box is it normal to be horny before puberty,,
1351409596840808468,liam,2025-07-13T22:34:01.8460000-07:00,That‚Äôs freaky I didn‚Äôt do tha,,
1383647062528364645,adam,2025-07-13T23:26:05.9570000-07:00,My friend need to sleep nd so do I my spellings getting worsen my brain is turning to much all I can think about is still horns and gayness and my spellings going to shit someone send help I,,
1351409596840808468,liam,2025-07-13T23:43:53.3510000-07:00,Why straight text,,
1351409596840808468,liam,2025-07-16T20:39:10.9350000-07:00,You better be horny for me,,
1351409596840808468,liam,2025-07-17T17:19:40.0590000-07:00,That‚Äôs kinda gay,,
1351409596840808468,liam,2025-07-18T17:22:46.6690000-07:00,WHAT TIME FOR FREAKY TUESDAY,,
1351409596840808468,liam,2025-07-18T20:41:31.3510000-07:00,12:30 to 8 so we can be freaky and do anything we want in that time,,
1383647062528364645,adam,2025-06-25T20:38:23.8470000-07:00,it was gonna be with freaky friday connotations,,
1248408198470307882,gabriel,2025-06-25T20:38:40.0020000-07:00,freaky FRANK,,
1351409596840808468,liam,2025-06-27T11:32:03.8560000-07:00,and sigma freaky in amoug us is also good right,,
1383647062528364645,adam,2025-06-27T11:45:59.0630000-07:00,ya you suck just like me in freaky friday,,
1351409596840808468,liam,2025-07-12T19:08:17.1040000-07:00,Freaky,,
1351409596840808468,liam,2025-03-18T10:48:10.6230000-07:00,Freaky,,
1248408198470307882,gabriel,2025-03-19T18:14:08.5110000-07:00,freaky-o-metre is goinh crazy,,
1248408198470307882,gabriel,2025-07-06T13:27:12.5080000-07:00,gay uncle,,
1248408198470307882,gabriel,2025-07-16T15:19:56.7240000-07:00,just some hawk tuah freaky 5 big boom level skibidi toilets,,
894748355828281354,julesislosthere,2025-06-24T19:38:13.7010000-07:00,ur so gay,,
894748355828281354,julesislosthere,2025-06-24T19:38:58.9850000-07:00,BYE GAY ASS,,
1351409596840808468,liam,2025-03-23T20:51:04.4650000-07:00,Not gay,,üè≥Ô∏è‚Äçüåà (1)
611331475647889445,your_local_cat_eater,2025-03-23T20:54:06.2670000-07:00,Hello kittys gay,,
1351409596840808468,liam,2025-03-23T20:55:43.1900000-07:00,Gay,,"üè≥Ô∏è‚Äçüåà (2),üá©üá™ (2),ü§™ (1),üôã (1),ü™ñ (1)"
1351409596840808468,liam,2025-03-23T21:00:19.3910000-07:00,IM NOT GAY FOR HIM,,"üè≥Ô∏è‚Äçüåà (1),üß¢ (1)"
1351409596840808468,liam,2025-03-23T21:00:50.6260000-07:00,WOAH GAY,,
1351409596840808468,liam,2025-03-23T21:04:40.5890000-07:00,WOAH GAY,,
1351409596840808468,liam,2025-03-23T21:04:45.3350000-07:00,GAY,,
1351409596840808468,liam,2025-03-23T21:04:47.6110000-07:00,GAY,,
1351409596840808468,liam,2025-03-23T21:05:58.6830000-07:00,That‚Äôs wild bros gay,,
894748355828281354,julesislosthere,2025-03-23T21:12:48.5430000-07:00,GAY,,
1351409596840808468,liam,2025-03-23T21:16:48.0370000-07:00,Freaky,,
1351409596840808468,liam,2025-03-23T21:17:09.3780000-07:00,I‚Äôm not gay see,,
1351409596840808468,liam,2025-03-23T21:22:40.7280000-07:00,Gay,,üè≥Ô∏è‚Äçüåà (1)
1351409596840808468,liam,2025-03-23T21:22:50.7460000-07:00,Gay,,
1351409596840808468,liam,2025-03-23T21:23:41.1520000-07:00,The crash out is insane,,
611331475647889445,your_local_cat_eater,2025-03-23T21:30:06.2030000-07:00,On a scale of one to ten how straight are you for choso,,
611331475647889445,your_local_cat_eater,2025-03-23T21:32:24.1890000-07:00,Reply to this if your gay for gojo,,
1351409596840808468,liam,2025-03-23T21:56:17.0050000-07:00,im not gay,,
1351409596840808468,liam,2025-03-23T22:39:31.5620000-07:00,i guess i am gay,,
1351409596840808468,liam,2025-03-24T19:35:32.3280000-07:00,Gay Kay,,
1351409596840808468,liam,2025-03-27T20:43:20.5800000-07:00,I‚Äôm out of my gay phase,,
1351409596840808468,liam,2025-03-27T20:44:39.4750000-07:00,IM NOT GAY ANYMORE,,
611331475647889445,your_local_cat_eater,2025-03-27T20:48:17.0730000-07:00,"Gojo breathing, 6 hours straight",,
1351409596840808468,liam,2025-03-27T20:50:27.6270000-07:00,No gay,,
1351409596840808468,liam,2025-03-27T20:50:30.3720000-07:00,No gay,,
1351409596840808468,liam,2025-03-27T20:50:32.6580000-07:00,No gay,,
611331475647889445,your_local_cat_eater,2025-03-27T20:52:03.1370000-07:00,Jjk was my straight awaking,,
1351409596840808468,liam,2025-03-27T21:23:07.8420000-07:00,I can‚Äôt have anyone seeing my gay side,,
894748355828281354,julesislosthere,2025-03-27T21:23:37.2690000-07:00,guelcwgay,,
1351409596840808468,liam,2025-03-27T21:29:25.5770000-07:00,I‚Äôm no gay,,
894748355828281354,julesislosthere,2025-03-27T21:30:00.2480000-07:00,kooki is gay,,
611331475647889445,your_local_cat_eater,2025-03-27T21:30:29.4930000-07:00,Prolly gayness,,
611331475647889445,your_local_cat_eater,2025-03-29T03:57:44.3190000-07:00,My moms friend apparently doesn‚Äôt want her son to be around lez and gay couples,,
894748355828281354,julesislosthere,2025-04-01T15:22:22.5570000-07:00,gayness,,
1351409596840808468,liam,2025-04-06T23:39:10.2530000-07:00,Gay,,
1248408198470307882,gabriel,2025-06-26T20:42:11.1650000-07:00,im freakying crying sm,,
611331475647889445,your_local_cat_eater,2025-06-27T08:30:15.6900000-07:00,I‚Äôm gaysyayayyaya,,
1351945200272150570,jd9990170,2025-07-05T08:17:34.3560000-07:00,I‚Äôm f***ing straight,,
1351945200272150570,jd9990170,2025-07-05T11:10:02.5310000-07:00,I‚Äôm f***ing straighter than any of you,,
611331475647889445,your_local_cat_eater,2025-07-05T12:00:14.3540000-07:00,Erm actually we should say MAKE AMERICA GAY AGAIN,,
1383647062528364645,adam,2025-07-05T12:05:07.8300000-07:00,you gay bitch,,
1383647062528364645,adam,2025-07-05T12:05:45.8990000-07:00,bro watched gay men having sex at 9,,
611331475647889445,your_local_cat_eater,2025-07-05T12:08:14.2720000-07:00,Cuz he‚Äôs gooning to it,,
1248408198470307882,gabriel,2025-07-05T15:20:12.1460000-07:00,adam was the one who voted for straighter than all of you,,
894748355828281354,julesislosthere,2025-07-20T18:24:19.5890000-07:00,gay?,,
1351409596840808468,liam,2025-07-20T18:27:26.6290000-07:00,Gay ass shit lol,,
1351409596840808468,liam,2025-07-20T18:29:27.1770000-07:00,Gay,,
1351409596840808468,liam,2025-07-20T18:29:27.5810000-07:00,Gay,,
1351409596840808468,liam,2025-06-28T12:22:37.7940000-07:00,IM GOONING TO THIS,https://cdn.discordapp.com/attachments/1351375456766656607/1388600498097098835/IMG_1393.jpg?ex=687e937d&is=687d41fd&hm=95b1f667a9dfd5c9b50c2b04ed482255b905fcd1b6a114d008bb56f3b3a9f67d&,
611331475647889445,your_local_cat_eater,2025-06-28T21:06:13.3080000-07:00,Woah woah Gabriel knew you were freaky but,,
611331475647889445,your_local_cat_eater,2025-06-29T12:30:04.0730000-07:00,I hate straight people definitely üòî,,
611331475647889445,your_local_cat_eater,2025-06-29T13:44:13.9180000-07:00,Thanks for the compliment gaybriella,,
1383647062528364645,adam,2025-06-30T08:14:10.0960000-07:00,aryas probably gooning,,
611331475647889445,your_local_cat_eater,2025-07-03T23:50:28.1220000-07:00,Too many gays in Seattle,,
1248408198470307882,gabriel,2025-07-03T23:58:12.8800000-07:00,gay,,
1351409596840808468,liam,2025-07-04T00:20:24.5980000-07:00,THATS GAY IM REPORTING YOU TO CHARLE KIRK,,
1351409596840808468,liam,2025-07-04T00:22:19.2270000-07:00,Yep a human acting gay,,
1248408198470307882,gabriel,2025-07-04T00:22:40.7490000-07:00,Why is your name gay?,,
1383647062528364645,adam,2025-07-04T00:24:22.3570000-07:00,my gooning metabolism is ineffcient,,
1383647062528364645,adam,2025-07-05T22:20:14.1230000-07:00,once i have gooning energy,,
1351409596840808468,liam,2025-07-05T22:20:14.2580000-07:00,But we‚Äôre you GOONING or just starting,,
1351409596840808468,liam,2025-07-12T18:55:41.4600000-07:00,Your not bi your straight,,
614110037291565056,KFC Bucket boi#8900,2025-07-18T11:05:28.3440000-07:00,I HATE ALL GAY PEOPLE THE BLACKS INCLUDED,,
614110037291565056,KFC Bucket boi#8900,2025-07-20T17:42:46.6310000-07:00,I hate @please jump because she‚Äôs too gay for my liking,,
611331475647889445,your_local_cat_eater,2025-07-20T19:28:58.6610000-07:00,Lesbian x gay üòî,,
1339494425386291200,jeremiahcaesar,2025-04-27T14:38:09.9980000-07:00,I got this info straight out of my -,https://cdn.discordapp.com/attachments/1366145004212326452/1366166559437095062/image0.gif?ex=687eb341&is=687d61c1&hm=d34fb6baa08ec2e39e98d49b243173e87cca7daa00b4f3523c155b495e79514a&,
894748355828281354,julesislosthere,2025-07-01T21:59:05.6810000-07:00,gay?,,
1351409596840808468,liam,2025-07-01T21:59:11.5890000-07:00,arutehr looks straight out of the war times,,‚ù§Ô∏è (1)
1339494425386291200,jeremiahcaesar,2025-07-01T22:07:44.0630000-07:00,She will think I'm insane,,
1351409596840808468,liam,2025-07-01T22:08:20.3090000-07:00,"She will think I'm insane
For even knowing you guys",,
1351409596840808468,liam,2025-07-01T22:08:39.5230000-07:00,"She will think I'm insane
For even knowing you guys -Jeremy, 2025",,‚ù§Ô∏è (1)
1351409596840808468,liam,2025-07-02T22:31:56.8650000-07:00,your gay now?,,
1383647062528364645,adam,2025-07-03T19:20:09.4880000-07:00,not gay bitches,,
1351409596840808468,liam,2025-07-03T19:20:43.3300000-07:00,And your gay,,
1383647062528364645,adam,2025-07-03T19:23:25.1220000-07:00,im more freaky than you,,
1351409596840808468,liam,2025-07-03T23:07:17.2350000-07:00,I already got my gooning session done,,
1351409596840808468,liam,2025-07-03T23:10:02.8470000-07:00,Tf freaky,,
1351409596840808468,liam,2025-07-03T23:21:20.6830000-07:00,Adam stop GOONING to the picture,,
1351409596840808468,liam,2025-07-05T00:36:28.6970000-07:00,My friend need to sleep nd so do I my spellings getting worsen my brain is turning to much all I can think about is still horns and gayness and my spellings going to shit someone send help I think I need something bro an intervention like please but anyway I keep under sleeping and I‚Äôm the type of gay to need I Alton of Allen so I‚Äôm a. Little cooked and I types then without my glasses so sorry if it‚Äôs totally fucking I can‚Äôt really see what I‚Äôm typing but I can‚Äôt stop thinking about how everyone I know is either gay mentally ill L or neurodivergent or all of then like bro   Am I the only normal one like holy shit anyway thanks for reinforcing my sleep deprived no glasses yes talk bye gang,,
1351409596840808468,liam,2025-07-05T00:43:01.8860000-07:00,I jut put on my glasses holy shit the typos were insane,,
611331475647889445,your_local_cat_eater,2025-07-03T08:56:46.1350000-07:00,Why did you leave gay book club,,
1248408198470307882,gabriel,2025-07-03T08:57:07.9510000-07:00,because this is just gay book club but a real server,,
611331475647889445,your_local_cat_eater,2025-07-03T08:57:34.2420000-07:00,But gay book club is only Adam me u and Liam,,
1248408198470307882,gabriel,2025-07-04T01:15:18.5020000-07:00,gay,,
1383647062528364645,adam,2025-07-04T01:55:12.7770000-07:00,THATS INSANE,,
1248408198470307882,gabriel,2025-07-04T01:55:56.3070000-07:00,i used to just go straight down the middle but then i locked in,,
1383647062528364645,adam,2025-07-04T02:09:58.8930000-07:00,i wish there was a computer shorcut for gooning,,
611331475647889445,your_local_cat_eater,2025-07-04T17:55:55.5440000-07:00,Love both of these gays,,
611331475647889445,your_local_cat_eater,2025-07-04T18:12:09.0050000-07:00,*sigh* Gaybriella got rich and is bullying us now,,
611331475647889445,your_local_cat_eater,2025-07-04T19:43:47.1950000-07:00,BASICALLY THE YOUNGER ONE GOES TO A CLUB WHEN HES IN A MENTAL CRASH (he has an illness very rare called RN-13) AND OLDER ONE COMES TO ‚ÄúSAVE‚Äù HIM. ENDS UP GETTING FORCED (kinda) TO DRINK A DRINK THAT MAKES YOU HORNY,,
894748355828281354,julesislosthere,2025-07-05T12:32:34.0830000-07:00,gay,,
1383647062528364645,adam,2025-07-05T12:32:34.3850000-07:00,i prefer gooning,,
894748355828281354,julesislosthere,2025-07-08T22:27:58.3300000-07:00,!youre gay,,
1351409596840808468,liam,2025-07-02T15:21:32.6370000-07:00,That kids gay,,
611331475647889445,your_local_cat_eater,2025-07-03T19:05:30.4300000-07:00,Its giving my dad if he was gay,,
1248408198470307882,gabriel,2025-07-03T19:17:11.6320000-07:00,Phineas-chan I didn't know you were so.. fr- fr- FREAKY,,
1248408198470307882,gabriel,2025-07-04T16:34:03.8470000-07:00,ngl i think if the target audiance was like 8 years higher it wouldve made yaoi insanely famous,,
611331475647889445,your_local_cat_eater,2025-07-06T20:12:52.4910000-07:00,Anygays I have another black flag story I will share,,
1351409596840808468,liam,2025-07-02T22:39:00.1640000-07:00,no this is in #gaybriella,,
1351409596840808468,liam,2025-07-02T21:02:11.4810000-07:00,That‚Äôs kinda gay,,
1248408198470307882,gabriel,2025-07-02T21:02:31.4600000-07:00,^freaky,,
1248408198470307882,gabriel,2025-07-03T18:56:45.7480000-07:00,xes getting freaky,,
1351409596840808468,liam,2025-07-03T19:02:13.7420000-07:00,She‚Äôs so gay,,
1351409596840808468,liam,2025-07-03T19:04:41.1880000-07:00,Or being gay,,
1383647062528364645,adam,2025-06-29T17:57:15.3100000-07:00,im plenty freaky,,
1383647062528364645,adam,2025-06-29T17:59:10.9550000-07:00,correction freakyface2000,,
1383647062528364645,adam,2025-06-29T17:59:14.2850000-07:00,cause im freaky,,
1351409596840808468,liam,2025-06-30T11:52:11.2280000-07:00,That‚Äôs kinda straight,,
1351409596840808468,liam,2025-07-03T18:12:16.7040000-07:00,Dinners kinda gay,,
1274889298310725705,nqrwal,2025-07-18T16:50:37.4100000-07:00,ogay,,
1248408198470307882,gabriel,2025-03-17T15:31:22.8670000-07:00,wait why cant you just pretend youre talking to yourself and that youre insane,,
1351409596840808468,liam,2025-03-18T17:36:37.3270000-07:00,gayming.play.hosting,,
1248408198470307882,gabriel,2025-05-07T14:43:36.0010000-07:00,ok i cant find it be he says something freaky,,
1351409596840808468,liam,2025-05-05T22:27:39.2950000-07:00,"Entry #1 I‚Äôm not sure why I‚Äôm doing this in discord but idk I feel like it I think I‚Äôll remember to do it better say in case my dumb ass forgets uh your name liam your a boy not trans or anything your probably bisexual so haha and you have a few friends Adam (nerd, cool, tall also your the shortest in a tall friend group, is a little delusional) Micah (silly, kind, S tier yapper, dating Adam [as of Monday May 5th 2025]) and Gabriel (VERY SILLY, funny, smart, INSANE fun fact keeper, defensive)",,
611331475647889445,your_local_cat_eater,2025-06-24T18:29:02.9710000-07:00,My mom sang this to me every night. This is why I need therapy. This is why I like yaoi. This is why I‚Äôm gay.,https://cdn.discordapp.com/attachments/1386842727613730906/1387243158978691103/19cfb8434fb94d4a851dc84c7ecc7970.mov?ex=687ee95e&is=687d97de&hm=d1278f13acabab6a9e7253cd8fc51406a1fd5a0f41d60b7a13b278452bbe9920&,
1351409596840808468,liam,2025-06-23T20:04:24.4950000-07:00,@freakys,,
1383647062528364645,adam,2025-06-23T11:19:43.1240000-07:00,Be freaky,,
1383647062528364645,adam,2025-06-24T06:55:07.2880000-07:00,I need to use freaky font,,
1248408198470307882,gabriel,2025-07-05T23:21:47.5210000-07:00,ON SKILLSHARE,,
1383647062528364645,adam,2025-07-05T23:27:28.4620000-07:00,diealateshun,,
1383647062528364645,adam,2025-07-05T23:38:56.9290000-07:00,SKILLSHARE,,
1383647062528364645,adam,2025-07-05T23:45:23.0470000-07:00,hello,,
1383647062528364645,adam,2025-07-05T23:48:23.5940000-07:00,i hate you,,
1383647062528364645,adam,2025-07-05T23:52:48.4580000-07:00,IM GOING TO KILL MYSELF,,
1383647062528364645,adam,2025-07-05T23:54:17.0960000-07:00,DO YOU GUYS HATE ME,,
1248408198470307882,gabriel,2025-06-24T18:42:51.9870000-07:00,hello,,
1383647062528364645,adam,2025-06-24T19:01:10.2130000-07:00,SERIOUSLY GO AND DIE,,
1248408198470307882,gabriel,2025-06-24T19:02:56.1850000-07:00,do you hate zohran madami,,
1383647062528364645,adam,2025-06-24T07:52:41.8920000-07:00,EVIL GREMLIN,,
1383647062528364645,adam,2025-06-24T07:52:45.7340000-07:00,WHATEVER,,
1383647062528364645,adam,2025-07-20T00:16:38.7080000-07:00,"the statement ""i directly took painkillers"" makes me suspect he is trying to hide or cover up something (the euphemism) he takes a look at his computer and theres this convoluted mess",,
1351409596840808468,liam,2025-07-20T00:18:54.9370000-07:00,Yes looking deeper on things can be a skill but overthinking can be bad so try not to drift into the realm of over thinking,,
1383647062528364645,adam,2025-07-20T00:50:08.9130000-07:00,naw that evil üòà,,
1248408198470307882,gabriel,2025-06-24T06:59:45.6740000-07:00,hello child,,
1383647062528364645,adam,2025-07-06T03:01:23.1380000-07:00,HELL BE PROUD,,
1351409596840808468,liam,2025-07-06T02:20:02.4320000-07:00,Come on ladies come on,,
1383647062528364645,adam,2025-07-20T02:29:44.2100000-07:00,I WAS JUST LEARNING ABOUT HOW DICTATORS DIED,,
1383647062528364645,adam,2025-07-20T02:30:28.4060000-07:00,NICOLAE CEAUSESCU DIED BY EXECUTION,,
1351409596840808468,liam,2025-07-06T01:01:58.6430000-07:00,Shut up I know,,
1351409596840808468,liam,2025-07-06T01:05:44.3590000-07:00,Someone kill Adam,,
1351409596840808468,liam,2025-07-06T01:06:05.3080000-07:00,Shut up,,
1383647062528364645,adam,2025-07-06T01:06:17.1980000-07:00,you evil,,
1383647062528364645,adam,2025-07-06T01:07:58.0200000-07:00,eviler,,
1351409596840808468,liam,2025-07-06T01:09:52.8890000-07:00,Shut up dirty black NIG-,,
1351409596840808468,liam,2025-07-06T01:15:26.1670000-07:00,Hello goon master,,
1351409596840808468,liam,2025-07-06T01:20:25.2900000-07:00,Master the woman is killing the vibe can we kill her,,
1351409596840808468,liam,2025-07-06T01:29:11.2990000-07:00,Shut up,,
1383647062528364645,adam,2025-06-25T17:17:10.1250000-07:00,DIE,,
1383647062528364645,adam,2025-06-25T17:25:27.4360000-07:00,before i die,,
1383647062528364645,adam,2025-06-25T17:34:09.7580000-07:00,EVIL,,
1383647062528364645,adam,2025-06-29T20:02:06.1030000-07:00,STUPID LITTLE NO WIFI,,
1351409596840808468,liam,2025-06-19T19:12:09.7960000-07:00,BRO KNOW SHELL CRASH OUT BRO,,
1351409596840808468,liam,2025-06-19T19:13:07.7050000-07:00,https://tenor.com/view/gay-michael-myers-friday-killer-friday-the13th-gif-16079237,,
1383647062528364645,adam,2025-06-22T07:17:13.4910000-07:00,evil gremlin,,
1351409596840808468,liam,2025-06-27T22:34:59.2610000-07:00,i hate you,,
1351409596840808468,liam,2025-06-27T22:47:36.7030000-07:00,OR ILL KILL YOU,,
1351409596840808468,liam,2025-07-05T22:54:38.5040000-07:00,Is she died,,
1351409596840808468,liam,2025-07-13T21:13:18.9960000-07:00,Yep his parents hate him,,
1383647062528364645,adam,2025-07-13T23:33:31.3660000-07:00,hello,,
1351409596840808468,liam,2025-07-13T23:44:40.6790000-07:00,Stupid,,
1383647062528364645,adam,2025-07-13T23:47:21.5920000-07:00,im not stupid,,
1383647062528364645,adam,2025-07-16T19:41:11.7350000-07:00,wait hold on how the hell did you find this,,
1351409596840808468,liam,2025-07-16T21:17:08.5090000-07:00,Evil max did that,,
1383647062528364645,adam,2025-07-16T21:18:28.3960000-07:00,its stupid,,
1351409596840808468,liam,2025-07-18T09:22:13.7140000-07:00,Hello,,
1248408198470307882,gabriel,2025-06-18T15:24:57.2460000-07:00,HELLO,,
1248408198470307882,gabriel,2025-06-24T07:22:27.7180000-07:00,die,,
1248408198470307882,gabriel,2025-06-24T07:28:21.5690000-07:00,KILL IT,,
1383647062528364645,adam,2025-06-25T19:18:58.0990000-07:00,evil,,
1383647062528364645,adam,2025-06-27T11:45:11.5890000-07:00,its stupid,,
1383647062528364645,adam,2025-06-27T11:51:23.1190000-07:00,evilgremlin,,
1351409596840808468,liam,2025-03-19T17:22:40.1920000-07:00,evil,,
1351409596840808468,liam,2025-03-19T18:14:17.6240000-07:00,/kill Gabriel mathew bucannon,,"üá´ (1),üá¥ (1),üá∑ (1),üáπ (1),üá≥ (1),üáÆ (1),‚úùÔ∏è (1),üá™ (1)"
1351409596840808468,liam,2025-07-04T21:54:14.8410000-07:00,Do you hate trans peoples,,
1383647062528364645,adam,2025-06-16T07:53:06.5800000-07:00,WHY THE HELL ARENT YOU TALKING,,
1248408198470307882,gabriel,2025-06-24T19:39:23.4250000-07:00,hippity hello,,
1351409596840808468,liam,2025-03-18T17:00:59.5520000-07:00,hello,,
1248408198470307882,gabriel,2025-03-18T17:01:04.4080000-07:00,hello,,
1351409596840808468,liam,2025-03-18T22:39:06.7560000-07:00,https://tenor.com/view/invincible-invincible-conquest-conquest-hello-chat-stand-ready-for-my-arrival-invincible-hello-chat-gif-13038544277166512740,,
1351409596840808468,liam,2025-03-22T18:40:53.5030000-07:00,I‚Äôm back but movies not done I need night shots (ohh scary NO WAY WHAT THE HELL THAT IS NOT HAPPENING),,
1351409596840808468,liam,2025-03-22T18:42:05.6840000-07:00,NO WAY WHAT THE HELL THAT IS NOT HAPPENING,,
1351409596840808468,liam,2025-03-23T21:12:53.8550000-07:00,Kill,,
1351409596840808468,liam,2025-03-23T21:28:33.4440000-07:00,Stupid,,
1351409596840808468,liam,2025-03-23T21:30:51.3380000-07:00,Stfu stupid hammer,,
1351409596840808468,liam,2025-03-23T21:31:33.2580000-07:00,I don‚Äôt care stupid hamber,,
1351409596840808468,liam,2025-03-23T22:43:57.0850000-07:00,and stupid,,
1351409596840808468,liam,2025-03-27T20:44:34.3870000-07:00,SHUT UP,,
1248408198470307882,gabriel,2025-06-27T08:31:34.4970000-07:00,i also got lost jumping over mountains in oregon to hide from a serial killer with hudson and liam but thats not important,,
1248408198470307882,gabriel,2025-06-27T16:31:38.4640000-07:00,hello puny being,,
1351409596840808468,liam,2025-06-27T20:23:35.5140000-07:00,AND KILL YOUR FAMILY,,
1351409596840808468,liam,2025-07-20T18:28:18.4560000-07:00,Stupid,,
1351409596840808468,liam,2025-07-20T18:28:41.0000000-07:00,https://tenor.com/view/hi-poop-head-hello-gif-8781496812055080850,,
1248408198470307882,gabriel,2025-07-20T18:29:25.7820000-07:00,she hasnt sent them yet and they might get killed,,
1351409596840808468,liam,2025-06-28T19:40:30.6750000-07:00,DIE,,
1383647062528364645,adam,2025-07-03T23:53:00.0450000-07:00,ultamite killscreen,,
1351409596840808468,liam,2025-07-03T23:54:51.6230000-07:00,And I‚Äôm the stupid one,,
1351409596840808468,liam,2025-07-04T00:10:53.1090000-07:00,Then kill them after telling them about this,,
1383647062528364645,adam,2025-07-04T00:11:37.9950000-07:00,self harm buddies,,
1351409596840808468,liam,2025-07-04T00:16:05.8680000-07:00,Because his pfp makes me want to rip my eyes out then shower then kill myself,,
1248408198470307882,gabriel,2025-07-04T00:28:51.6400000-07:00,HELL YEAH,,
1383647062528364645,adam,2025-07-04T00:48:27.5960000-07:00,or whatever,,
1351409596840808468,liam,2025-07-04T00:54:19.6740000-07:00,DONT KILL HER,,
1248408198470307882,gabriel,2025-07-04T13:29:28.8800000-07:00,HELL YEAH,,
1248408198470307882,gabriel,2025-07-12T18:44:07.3770000-07:00,/commentmessage:i wonder if his ooga senses have been tickledmessage:soft liberalmessage:i can do moremessage:yes i canmessage:himessage:hellomessage:stopmessage:no moremessage:,,
1383647062528364645,adam,2025-07-12T18:54:47.8390000-07:00,whatever you say **gordy**,,
1383647062528364645,adam,2025-07-12T20:36:15.0250000-07:00,whatever you say,,
1248408198470307882,gabriel,2025-07-12T21:12:05.4600000-07:00,WHAT THE HELL,,
1248408198470307882,gabriel,2025-07-12T21:15:59.1490000-07:00,to bad kel gets killed by sweetheart,,
1383647062528364645,adam,2025-07-12T21:16:08.4580000-07:00,shut up,,
1248408198470307882,gabriel,2025-07-12T21:16:41.3630000-07:00,to bad kel dies past that part but right after that,,
1383647062528364645,adam,2025-07-12T23:21:40.8350000-07:00,someone to live for someone to die for,,
1351409596840808468,liam,2025-07-18T15:36:58.6620000-07:00,Hello,,
1351409596840808468,liam,2025-07-20T19:27:58.3970000-07:00,or die,,
1351409596840808468,liam,2025-04-28T21:02:16.6340000-07:00,https://tenor.com/view/dumb-huh-stupid-idiot-gif-15033206007095816163,,
1351409596840808468,liam,2025-04-28T21:03:26.5770000-07:00,https://tenor.com/view/hi-poop-head-hello-gif-8781496812055080850,,
1351409596840808468,liam,2025-07-03T23:09:24.6640000-07:00,Whatever you say üòõ,,
1383647062528364645,adam,2025-07-04T22:55:35.1200000-07:00,@Toxic Waste hello darkness my old friend,,
1248408198470307882,gabriel,2025-07-03T19:44:12.5510000-07:00,WE KILLED JULIE,,
1248408198470307882,gabriel,2025-07-03T19:47:03.8240000-07:00,HELLO,,
1248408198470307882,gabriel,2025-07-03T19:53:35.9160000-07:00,i killed everyone else,,
1248408198470307882,gabriel,2025-07-04T01:07:09.7230000-07:00,you die this one,,
1248408198470307882,gabriel,2025-07-04T01:16:32.5000000-07:00,i come from scientists and atheists and white men who killed god,,
1248408198470307882,gabriel,2025-07-04T01:25:16.3000000-07:00,i hurt myself over the stupidest things,,
1383647062528364645,adam,2025-07-04T01:30:31.8230000-07:00,i leave when my battery dies,,
1248408198470307882,gabriel,2025-07-04T01:39:04.4120000-07:00,https://tenor.com/view/grunkle-stan-dead-killed-computer-gravity-falls-gif-15179321107316503071,,
1383647062528364645,adam,2025-07-04T01:40:23.9720000-07:00,https://tenor.com/view/thomas-train-choo-cursed-gif-26158193,,
1383647062528364645,adam,2025-07-04T01:45:27.1200000-07:00,hello,,
1248408198470307882,gabriel,2025-07-04T01:57:51.3920000-07:00,WHAT TEH HELL,,
1248408198470307882,gabriel,2025-07-04T02:02:31.2340000-07:00,KILL YOURSELF,,
1248408198470307882,gabriel,2025-07-04T02:03:41.6320000-07:00,hello 2,,
1383647062528364645,adam,2025-07-04T02:04:21.3870000-07:00,!killmyself,,
1248408198470307882,gabriel,2025-07-04T02:04:41.3280000-07:00,im killinga ll the fajs,,
1248408198470307882,gabriel,2025-07-04T18:10:41.6920000-07:00,im gonna switch to my main and kill your card,,
1248408198470307882,gabriel,2025-07-04T18:14:48.4830000-07:00,im stupid,,
1248408198470307882,gabriel,2025-07-04T23:26:55.6220000-07:00,WTH I MEAN KILL ME',,
1248408198470307882,gabriel,2025-07-04T23:27:04.8320000-07:00,PLEASE KILL ME,,
1351409596840808468,liam,2025-07-02T15:25:46.7870000-07:00,NO WAY WHAT THE HELL THAT IS NOT HAPPENING EVIL,,
1248408198470307882,gabriel,2025-07-03T19:07:38.2050000-07:00,i would get 5 hour lecture and know screentime WHAT THE HELL SWALLOW YOU WHOLE,,
1248408198470307882,gabriel,2025-06-15T08:30:08.9520000-07:00,https://tenor.com/view/bobo-cat-scary-black-cat-cursed-gif-23979428,,
1248408198470307882,gabriel,2025-06-15T08:31:35.6310000-07:00,https://tenor.com/view/freak-freddie-freaker-yellow-monster-gif-14025823,,
1248408198470307882,gabriel,2025-07-03T18:52:35.4100000-07:00,stupid. i eat you now.,,
1248408198470307882,gabriel,2025-07-03T18:59:17.0420000-07:00,^stupid. i eats you now,,
1248408198470307882,gabriel,2025-06-02T17:49:42.0240000-07:00,https://tenor.com/view/bobo-cat-scary-black-cat-cursed-gif-23979428,,
1248408198470307882,gabriel,2025-06-02T17:51:25.6650000-07:00,https://tenor.com/view/freak-freddie-freaker-yellow-monster-gif-14025823,,
1248408198470307882,gabriel,2025-06-02T18:03:19.5880000-07:00,HELLO JOIN CZALL,,
1342356955091570801,micah,2025-06-14T17:04:36.3180000-07:00,Hello,,
1248408198470307882,gabriel,2025-06-15T08:06:33.3200000-07:00,https://tenor.com/view/adam-hazbin-hotel-hazbin-skill-issue-gif-15243364526418960674,,
1248408198470307882,gabriel,2025-06-15T08:27:01.4030000-07:00,hi helllo,,
1383647062528364645,adam,2025-06-15T08:27:17.8700000-07:00,oh sorry im stupid,,
1248408198470307882,gabriel,2025-06-15T18:07:15.8410000-07:00,https://tenor.com/view/hello-kitty-picmix-better-call-saul-breaking-bad-bcs-gif-27586413,,
1383647062528364645,adam,2025-06-15T19:10:26.0550000-07:00,hello,,
1248408198470307882,gabriel,2025-06-15T21:08:35.2010000-07:00,THE ùìØùìªùìÆùì™ùì¥ùì≤ùì∑ùì™ùìΩùì∏ùìª DOESNT TAKE EVIL COMMENTS FROM PEOPLE LIKE YOU,,
1248408198470307882,gabriel,2025-06-15T21:10:17.3090000-07:00,https://tenor.com/view/hello-kitty-picmix-better-call-saul-breaking-bad-bcs-gif-27586413,,
1383647062528364645,adam,2025-06-16T16:43:29.0710000-07:00,https://tenor.com/view/dies-omori-sunny-sunny-omori-gif-27636117,,‚ù§Ô∏è (1)
1383647062528364645,adam,2025-06-16T16:46:13.1330000-07:00,https://tenor.com/view/omori-omori-omori-omori-red-omori-chara-omori-kill-gif-26195343,,‚ù§Ô∏è (1)
1383647062528364645,adam,2025-06-16T19:17:17.1340000-07:00,@AH PERRY SEE MY ùìØùìªùìÆùì™ùì¥ùì≤ùì∑ùì™ killyourself,,
1383647062528364645,adam,2025-06-16T19:41:06.5110000-07:00,im sorry you had to kill me to prove something,,
1248408198470307882,gabriel,2025-06-16T19:41:52.3330000-07:00,i kinda wanted to  kill you,,
1383647062528364645,adam,2025-06-16T19:42:19.6580000-07:00,KILL YOURSELF BUCKO,,
1248408198470307882,gabriel,2025-06-16T20:42:00.8100000-07:00,im stupid,,
1248408198470307882,gabriel,2025-06-17T16:06:44.8490000-07:00,HELLO,,
1248408198470307882,gabriel,2025-06-17T17:30:24.8060000-07:00,hello,,
1351409596840808468,liam,2025-06-20T20:18:44.2020000-07:00,@everyone play gartic phone or DIE,,
1248408198470307882,gabriel,2025-06-22T15:57:32.7730000-07:00,evil man,,
1383647062528364645,adam,2025-06-22T15:58:32.6370000-07:00,https://tenor.com/view/omori-kel-kill-gif-26453129,,
1248408198470307882,gabriel,2025-06-22T19:11:25.5050000-07:00,hello thomas,,
1248408198470307882,gabriel,2025-06-22T19:12:20.1000000-07:00,please dont kill me,,
1383647062528364645,adam,2025-06-29T09:54:16.5900000-07:00,evil,,
1248408198470307882,gabriel,2025-07-02T18:26:33.3770000-07:00,hello child,,
1383647062528364645,adam,2025-07-03T17:52:19.6210000-07:00,ill hop on once i kill him,,
1383647062528364645,adam,2025-07-03T18:09:59.9120000-07:00,eviler,,
1248408198470307882,gabriel,2025-07-03T18:13:45.7080000-07:00,^stupid and doesnt read yaoi,,
1351409596840808468,liam,2025-07-03T18:14:19.3410000-07:00,Stupid fucks,https://cdn.discordapp.com/attachments/1358611614927946022/1390500943816163368/IMG_1417.jpg?ex=687ee5eb&is=687d946b&hm=ee7241cf51ba84460c5fa5743b91ec34b37b9efa6e590abb6c70be76acffb65e&,
1351409596840808468,liam,2025-07-15T16:53:04.1580000-07:00,hello,,
1248408198470307882,gabriel,2025-07-20T18:19:51.7070000-07:00,^die and poop pants and pain and poopy,,
1342356955091570801,micah,2025-03-17T14:57:14.5220000-07:00,That means to kill,,
1248408198470307882,gabriel,2025-03-17T14:57:34.3380000-07:00,whats a synonmnnmnm for kill,,
1248408198470307882,gabriel,2025-03-17T15:19:23.3560000-07:00,https://tenor.com/view/bobo-cat-scary-black-cat-cursed-gif-23979428,,
1342356955091570801,micah,2025-03-17T15:50:31.2260000-07:00,https://tenor.com/view/bullwhip-hell-yeah-hell-yeah-brother-bull-celebrate-gif-23744975,,
1248408198470307882,gabriel,2025-03-17T18:28:17.4000000-07:00,I played so much splatoon my switch died : (,,
1351409596840808468,liam,2025-03-18T11:38:40.9480000-07:00,DIE,,
1248408198470307882,gabriel,2025-03-18T12:51:32.6760000-07:00,https://tenor.com/view/stonjourner-hello-chat-swsh-sword-and-shield-paldea-gif-26522015,,
1351409596840808468,liam,2025-03-18T12:51:42.8530000-07:00,Hello,,
1248408198470307882,gabriel,2025-03-18T12:57:06.2880000-07:00,JUST GOTA TEAM KILL,,
1351409596840808468,liam,2025-03-18T13:24:09.7480000-07:00,Baddie,,
1351409596840808468,liam,2025-03-18T13:27:24.6730000-07:00,Hell yeah he better,,
1248408198470307882,gabriel,2025-03-18T14:16:24.3470000-07:00,#1 killer and still lose,,
1248408198470307882,gabriel,2025-03-18T18:27:49.8000000-07:00,"Will the fish I catch and release die anyway?
Cod with its mouth open.
 
Looking into the mouth of an Atlantic cod
If fish caught with artificial lures are handled carefully, most will survive. Many factors influence survival after release:
The fish was already stressed before being caught, for instance because of spawning or high water temperatures.
The fish is ""played"" for a long time and is exhausted before release.
The fish is hooked through a sensitive area such as the gills or the eye, or deeply in the throat (which is more likely when using bait).
The fish is handled roughly; for example, squeezed strongly or held out of water too long.
The fish is caught in deeper water.
If a fish seems to be having difficulty after unhooking, cradle it gently in the water until it regains its equilibrium and swims off under its own power.",,
1351409596840808468,liam,2025-03-19T11:40:03.8910000-07:00,Hello,,
1248408198470307882,gabriel,2025-03-19T13:09:58.4860000-07:00,https://tenor.com/view/sneaky-plotting-evil-patrick-spongebob-squarepants-gif-3501874,,
1248408198470307882,gabriel,2025-03-19T13:15:00.3550000-07:00,how many kills did i get then the best player on my team,,
1248408198470307882,gabriel,2025-03-19T13:15:33.0200000-07:00,how many digits in my kills,,
1351409596840808468,liam,2025-03-19T13:18:11.3480000-07:00,NO WAY WHAT THE HELL THAT IS NOT HAPPENING,,
1342356955091570801,micah,2025-03-20T16:40:55.5540000-07:00,https://tenor.com/view/hello-wave-hi-gif-21825039,,
1248408198470307882,gabriel,2025-03-20T16:47:40.6730000-07:00,https://tenor.com/view/freak-freddie-freaker-yellow-monster-gif-14025823,,
1248408198470307882,gabriel,2025-04-27T13:12:03.7270000-07:00,"u/RythmDenyerKyle avatar
RythmDenyerKyle
‚Ä¢
2y ago
I was at home eating crunchy snack when shell phone ring.
‚ÄúSalmon Jebus is kill‚Äù
‚ÄúNo‚Äù
Upvote
30
Downvote
Reply
reply
Award
Share
Share
u/rachelgirlboss avatar
rachelgirlboss
OP
‚Ä¢
2y ago
this is so sad alexa play frothy waters
Upvote
15
Downvote
Reply
reply
Award
Share
Share
hahawowausername
‚Ä¢
2y ago
ordering frosty flakes
Upvote
13
Downvote
Reply
reply
Award
Share
Share
u/RythmDenyerKyle avatar
RythmDenyerKyle
‚Ä¢
2y ago
I was at home eating crunchy snack when shell phone ring.
‚ÄúSalmon Jebus is kill‚Äù
‚ÄúNo‚Äù
Upvote
30
Downvote
Reply
reply
Award
Share
Share
u/rachelgirlboss avatar
rachelgirlboss
OP
‚Ä¢
2y ago
this is so sad alexa play frothy waters
Upvote
15
Downvote
Reply
reply
Award
Share
Share
hahawowausername
‚Ä¢
2y ago
ordering frosty flakes
Upvote
13
Downvote
Reply
reply
Award
Share
Share",,
1248408198470307882,gabriel,2025-04-30T16:49:41.4130000-07:00,HOLY HELL,,
1248408198470307882,gabriel,2025-03-21T17:16:06.9160000-07:00,https://tenor.com/view/tyler-the-creator-i-hate-frogs-i-hate-frauds-tyler-frogs-odd-future-gif-10562784539529385319,,
1351409596840808468,liam,2025-05-06T15:44:46.2710000-07:00,HELL NAW (but he does finally feel full fulled,,
1248408198470307882,gabriel,2025-05-07T07:19:54.9430000-07:00,skill issue,,
1383647062528364645,adam,2025-06-23T16:00:24.1810000-07:00,Hello,,
1383647062528364645,adam,2025-06-23T11:19:33.6500000-07:00,"Hello freakers, welcome to r/therapy. Here are some preliminary rules for this server:",,
1383647062528364645,adam,2025-06-24T06:48:09.0620000-07:00,stupid typo,,
1383647062528364645,adam,2025-06-24T06:54:04.0030000-07:00,I KNOW AND IM FORCED TO LAUGH AT THEM BECAUSE IF I DONT HELL ASK EXPLAIN THE JOKE,,
1383647062528364645,adam,2025-06-24T06:56:02.5430000-07:00,DIE INA HOLE,,
1383647062528364645,adam,2025-06-24T06:56:14.1440000-07:00,KILL YOURSELF,,
1383647062528364645,adam,2025-06-24T06:56:34.3250000-07:00,STUPID LITTLE PEICE OF CRAP,,
